{
  "project_info": {
    "project_number": "602859222671",
    "project_id": "tuticket-f3f6b",
    "storage_bucket": "tuticket-f3f6b.appspot.com"
  },
  "client": [
    {
      "client_info": {
        "mobilesdk_app_id": "1:602859222671:android:fc09c36ac5c06a22c8e2fa",
        "android_client_info": {
          "package_name": "com.example.tuticket"
        }
      },
      "oauth_client": [],
      "api_key": [
        {
          "current_key": "AIzaSyCr85zPsu7ysaXw_YCEYeO34mzkm9uMrJc"
        }
      ],
      "services": {
        "appinvite_service": {
          "other_platform_oauth_client": []
        }
      }
    }
  ],
  "configuration_version": "1"
}